StartTime,Touch,Time,ButtonChosen,Song,ButtonPosition
1419461585.676494,1,0.9457991123199463,classical,fiati-di-parma.wav
1419461585.676494,2,2.2795400619506836,(stop),
