StartTime,Touch,Time,ButtonChosen,Song,ButtonPosition
1419461463.057879,1,0.9731180667877197,classical,demicheli.wav
1419461463.057879,2,3.1014320850372314,pop,paranoid.wav
